3100 	Warpaint - Blossom
3101 	Warpaint - Tiger
3102 	Warpaint - Moon
3103 	Warpaint - Crane
3104 	Warpaint - Dragon
3110 	Yamatai Footsoldier Hat
3111 	Yamatai Footsoldier Chestpiece
3112 	Yamatai Footsoldier Gloves
3113 	Yamatai Footsoldier Leggings
3114 	Yamatai Footsoldier Sabatons
3115 	Yamatai Demon Mask
3116 	Yamatai Demon Chestpiece
3117 	Yamatai Demon Gloves
3118 	Yamatai Demon Leggings
3119 	Yamatai Demon Sabatons
3120 	Yamatai Warlord Helmet
3121 	Yamatai Warlord Chestpiece
3122 	Yamatai Warlord Gloves
3123 	Yamatai Warlord Leggings
3124 	Yamatai Warlord Sabatons
3125 	Exceptional Yamatai Footsoldier Hat
3126 	Exceptional Yamatai Footsoldier Chestpiece
3127 	Exceptional Yamatai Footsoldier Gloves
3128 	Exceptional Yamatai Footsoldier Leggings
3129 	Exceptional Yamatai Footsoldier Sabatons
3130 	Exceptional Yamatai Demon Mask
3131 	Exceptional Yamatai Demon Chestpiece
3132 	Exceptional Yamatai Demon Gloves
3133 	Exceptional Yamatai Demon Leggings
3134 	Exceptional Yamatai Demon Sabatons
3135 	Exceptional Yamatai Warlord Helmet
3136 	Exceptional Yamatai Warlord Chestpiece
3137 	Exceptional Yamatai Warlord Gloves
3138 	Exceptional Yamatai Warlord Leggings
3139 	Exceptional Yamatai Warlord Sabatons
3140 	Flawless Yamatai Footsoldier Hat
3141 	Flawless Yamatai Footsoldier Chestpiece
3142 	Flawless Yamatai Footsoldier Gloves
3143 	Flawless Yamatai Footsoldier Leggings
3144 	Flawless Yamatai Footsoldier Sabatons
3145 	Flawless Yamatai Demon Mask
3146 	Flawless Yamatai Demon Chestpiece
3147 	Flawless Yamatai Demon Gloves
3148 	Flawless Yamatai Demon Leggings
3149 	Flawless Yamatai Demon Sabatons
3150 	Flawless Yamatai Warlord Helmet
3151 	Flawless Yamatai Warlord Chestpiece
3152 	Flawless Yamatai Warlord Gloves
3153 	Flawless Yamatai Warlord Leggings
3154 	Flawless Yamatai Warlord Sabatons
3155 	Yamatai Footsoldier Hat (Epic)
3156 	Yamatai Footsoldier Chestpiece (Epic)
3157 	Yamatai Footsoldier Gloves (Epic)
3158 	Yamatai Footsoldier Leggings (Epic)
3159 	Yamatai Footsoldier Sabatons (Epic)
3160 	Yamatai Demon Mask (Epic)
3161 	Yamatai Demon Chestpiece (Epic)
3162 	Yamatai Demon Gloves (Epic)
3163 	Yamatai Demon Leggings (Epic)
3164 	Yamatai Demon Sabatons (Epic)
3165 	Yamatai Warlord Helmet (Epic)
3166 	Yamatai Warlord Chestpiece (Epic)
3167 	Yamatai Warlord Gloves (Epic)
3168 	Yamatai Warlord Leggings (Epic)
3169 	Yamatai Warlord Sabatons (Epic)
3170 	Exceptional Yamatai Footsoldier Hat (Epic)
3171 	Exceptional Yamatai Footsoldier Chestpiece (Epic)
3172 	Exceptional Yamatai Footsoldier Gloves (Epic)
3173 	Exceptional Yamatai Footsoldier Leggings (Epic)
3174 	Exceptional Yamatai Footsoldier Sabatons (Epic)
3175 	Exceptional Yamatai Demon Mask (Epic)
3176 	Exceptional Yamatai Demon Chestpiece (Epic)
3177 	Exceptional Yamatai Demon Gloves (Epic)
3178 	Exceptional Yamatai Demon Leggings (Epic)
3179 	Exceptional Yamatai Demon Sabatons (Epic)
3180 	Exceptional Yamatai Warlord Helmet (Epic)
3181 	Exceptional Yamatai Warlord Chestpiece (Epic)
3182 	Exceptional Yamatai Warlord Gloves (Epic)
3183 	Exceptional Yamatai Warlord Leggings (Epic)
3184 	Exceptional Yamatai Warlord Sabatons (Epic)
3185 	Flawless Yamatai Footsoldier Hat (Epic)
3186 	Flawless Yamatai Footsoldier Chestpiece (Epic)
3187 	Flawless Yamatai Footsoldier Gloves (Epic)
3188 	Flawless Yamatai Footsoldier Leggings (Epic)
3189 	Flawless Yamatai Footsoldier Sabatons (Epic)
3190 	Flawless Yamatai Demon Mask (Epic)
3191 	Flawless Yamatai Demon Chestpiece (Epic)
3192 	Flawless Yamatai Demon Gloves (Epic)
3193 	Flawless Yamatai Demon Leggings (Epic)
3194 	Flawless Yamatai Demon Sabatons (Epic)
3195 	Flawless Yamatai Warlord Helmet (Epic)
3196 	Flawless Yamatai Warlord Chestpiece (Epic)
3197 	Flawless Yamatai Warlord Gloves (Epic)
3198 	Flawless Yamatai Warlord Leggings (Epic)
3199 	Flawless Yamatai Warlord Sabatons (Epic)
3200 	Yamatai Assassins Blade
3201 	Yamatai Katana (Variant A)
3202 	Yamatai Sai
3203 	Yamatai Tetsubo
3204 	Yamatai Warhammer
3205 	Yamatai Bow
3206 	Yamatai Naginata
3207 	Yamatai Shield
3212 	Exceptional Yamatai Assassins Blade
3213 	Exceptional Yamatai Katana (Variant A)
3214 	Exceptional Yamatai Sai
3215 	Exceptional Yamatai Tetsubo
3216 	Exceptional Yamatai Warhammer
3217 	Exceptional Yamatai Bow
3218 	Exceptional Yamatai Naginata
3219 	Exceptional Yamatai Shield
3224 	Flawless Yamatai Assassins Blade
3225 	Flawless Yamatai Katana (Variant A)
3226 	Flawless Yamatai Sai
3227 	Flawless Yamatai Tetsubo
3228 	Flawless Yamatai Warhammer
3229 	Flawless Yamatai Bow
3230 	Flawless Yamatai Naginata
3231 	Flawless Yamatai Shield
3236 	Yamatai Assassins Blade (Epic)
3237 	Yamatai Katana (Epic Variant A)
3238 	Yamatai Sai (Epic)
3239 	Yamatai Tetsubo (Epic)
3240 	Yamatai Warhammer (Epic)
3241 	Yamatai Bow (Epic)
3242 	Yamatai Naginata (Epic)
3243 	Yamatai Shield (Epic)
3248 	Exceptional Yamatai Assassins Blade (Epic)
3249 	Exceptional Yamatai Katana (Epic Variant A)
3250 	Exceptional Yamatai Sai (Epic)
3251 	Exceptional Yamatai Tetsubo (Epic)
3252 	Exceptional Yamatai Warhammer (Epic)
3253 	Exceptional Yamatai Bow (Epic)
3254 	Exceptional Yamatai Naginata (Epic)
3255 	Exceptional Yamatai Shield (Epic)
3260 	Flawless Yamatai Assassins Blade (Epic)
3261 	Flawless Yamatai Katana (Epic Variant A)
3262 	Flawless Yamatai Sai (Epic)
3263 	Flawless Yamatai Tetsubo (Epic)
3264 	Flawless Yamatai Warhammer (Epic)
3265 	Flawless Yamatai Bow (Epic)
3266 	Flawless Yamatai Naginata (Epic)
3267 	Flawless Yamatai Shield (Epic)
3272 	Yamatai War-Axe
3273 	Exceptional Yamatai War-Axe
3274 	Flawless Yamatai War-Axe
3275 	Yamatai War-Axe (Epic)
3276 	Exceptional Yamatai War-Axe (Epic)
3277 	Flawless Yamatai War-Axe (Epic)
3278 	Yamatai Katana (Variant B)
3279 	Yamatai Katana (Epic Variant B)
3280 	Yamatai Katana (Variant C)
3281 	Yamatai Katana (Epic Variant C)
3282 	Yamatai Katana (Variant D)
3283 	Yamatai Katana (Epic Variant D)
3286 	Exceptional Yamatai Katana (Variant B)
3287 	Exceptional Yamatai Katana (Variant C)
3288 	Exceptional Yamatai Katana (Variant D)
3289 	Flawless Yamatai Katana (Variant B)
3290 	Flawless Yamatai Katana (Variant C)
3291 	Flawless Yamatai Katana (Variant D)
3294 	Exceptional Yamatai Katana (Epic Variant B)
3295 	Exceptional Yamatai Katana (Epic Variant C)
3296 	Exceptional Yamatai Katana (Epic Variant D)
3297 	Flawless Yamatai Katana (Epic Variant B)
3298 	Flawless Yamatai Katana (Epic Variant C)
3299 	Flawless Yamatai Katana (Epic Variant D)
3300 	Yamatai Foundation
3301 	Yamatai Wall
3302 	Yamatai Left-Sloping Wall
3303 	Yamatai Right-Sloping Wall
3304 	Yamatai Left-Sloping Inverted Wall
3305 	Yamatai Right-Sloping Inverted Wall
3306 	Yamatai Ceiling
3307 	Yamatai Doorframe
3308 	Yamatai Stairs
3309 	Yamatai Stairs (rail)
3310 	Yamatai Stairs Corner
3311 	Yamatai Ramp
3312 	Yamatai Ramp Corner
3313 	Yamatai Wedge
3314 	Yamatai Wedge Foundation
3315 	Yamatai Frame
3316 	Yamatai Door
3317 	Yamatai Pillar
3318 	Yamatai Fence
3319 	Yamatai Fence Foundation
3320 	Yamatai Sloped Roof
3321 	Yamatai Inverted Wedge Sloped Roof
3322 	Yamatai Wedge Sloped Roof
3323 	Yamatai Sloped Roof Corner
3324 	Yamatai Inverted Sloped Roof Corner
3325 	Yamatai Rooftop End
3326 	Yamatai Rooftop
3327 	Yamatai Rooftop Corner
3328 	Yamatai Rooftop Junction
3329 	Yamatai Rooftop Intersection
3330 	Yamatai Rooftop Cap
3331 	Yamatai Wall Cap
3332 	Yamatai Crenelated Wall
3333 	Yamatai Gate Frame
3334 	Yamatai Gate Door
3335 	Yamatai Hatch Frame
3336 	Yamatai Hatch Door
3337 	Yamatai Awning
3338 	Yamatai Awning Corner
3350 	Tiger (Variant B)
3351 	Sabretooth (Variant B)
3352 	Crocodile (Variant B)
3353 	Tamed Spotted Hyena (Variant B)
3354 	Rocknose (Variant B)
3355 	Yamatai Fodder
3356 	Silver-vein Rocknose (Variant B)
3357 	Gold-vein Rocknose (Variant B)
3358 	Greater Tiger (Pet)
3359 	Greater Sabretooth (Variant B)
3360 	Greater Crocodile (Variant B)
3361 	Greater Hyena (Variant B)
3362 	Tamed Striped Hyena (Variant B)
6100 	Warpaint - Snake
6101 	Warpaint - Otter
6102 	Warpaint - Turtle
6103 	Warpaint - Crocodile
6104 	Warpaint - Raven
6110 	Pictish Wizard Mask
6111 	Pictish Wizard Robe
6112 	Pictish Wizard Wraps
6113 	Pictish Wizard Skirt
6114 	Pictish Wizard Moccasins
6115 	Pictish Brave Headgear
6116 	Pictish Brave Tunic
6117 	Pictish Brave Wristwraps
6118 	Pictish Brave Breechclout
6119 	Pictish Brave Moccasins
6120 	Pictish Warchief Headdress
6121 	Pictish Warchief Chestpiece
6122 	Pictish Warchief Gauntlets
6123 	Pictish Warchief Leggings
6124 	Pictish Warchief Boots
6125 	Exceptional Pictish Wizard Mask
6126 	Exceptional Pictish Wizard Robe
6127 	Exceptional Pictish Wizard Wraps
6128 	Exceptional Pictish Wizard Skirt
6129 	Exceptional Pictish Wizard Moccasins
6130 	Exceptional Pictish Brave Headgear
6131 	Exceptional Pictish Brave Tunic
6132 	Exceptional Pictish Brave Wristwraps
6133 	Exceptional Pictish Brave Breechclout
6134 	Exceptional Pictish Brave Moccasins
6135 	Exceptional Pictish Warchief Headdress
6136 	Exceptional Pictish Warchief Chestpiece
6137 	Exceptional Pictish Warchief Gauntlets
6138 	Exceptional Pictish Warchief Leggings
6139 	Exceptional Pictish Warchief Boots
6140 	Flawless Pictish Wizard Mask
6141 	Flawless Pictish Wizard Robe
6142 	Flawless Pictish Wizard Wraps
6143 	Flawless Pictish Wizard Skirt
6144 	Flawless Pictish Wizard Moccasins
6145 	Flawless Pictish Brave Headgear
6146 	Flawless Pictish Brave Tunic
6147 	Flawless Pictish Brave Wristwraps
6148 	Flawless Pictish Brave Breechclout
6149 	Flawless Pictish Brave Moccasins
6150 	Flawless Pictish Warchief Headdress
6151 	Flawless Pictish Warchief Chestpiece
6152 	Flawless Pictish Warchief Gauntlets
6153 	Flawless Pictish Warchief Leggings
6154 	Flawless Pictish Warchief Boots
6155 	Pictish Wizard Mask (Epic)
6156 	Pictish Wizard Robe (Epic)
6157 	Pictish Wizard Wraps (Epic)
6158 	Pictish Wizard Skirt (Epic)
6159 	Pictish Wizard Moccasins (Epic)
6160 	Pictish Brave Headgear (Epic)
6161 	Pictish Brave Tunic (Epic)
6162 	Pictish Brave Wristwraps (Epic)
6163 	Pictish Brave Breechclout (Epic)
6164 	Pictish Brave Moccasins (Epic)
6165 	Pictish Warchief Headdress (Epic)
6166 	Pictish Warchief Chestpiece (Epic)
6167 	Pictish Warchief Gauntlets (Epic)
6168 	Pictish Warchief Leggings (Epic)
6169 	Pictish Warchief Boots (Epic)
6170 	Exceptional Pictish Wizard Mask (Epic)
6171 	Exceptional Pictish Wizard Robe (Epic)
6172 	Exceptional Pictish Wizard Wraps (Epic)
6173 	Exceptional Pictish Wizard Skirt (Epic)
6174 	Exceptional Pictish Wizard Moccasins (Epic)
6175 	Exceptional Pictish Brave Headgear (Epic)
6176 	Exceptional Pictish Brave Tunic (Epic)
6177 	Exceptional Pictish Brave Wristwraps (Epic)
6178 	Exceptional Pictish Brave Breechclout (Epic)
6179 	Exceptional Pictish Brave Moccasins (Epic)
6180 	Exceptional Pictish Warchief Headdress (Epic)
6181 	Exceptional Pictish Warchief Chestpiece (Epic)
6182 	Exceptional Pictish Warchief Gauntlets (Epic)
6183 	Exceptional Pictish Warchief Leggings (Epic)
6184 	Exceptional Pictish Warchief Boots (Epic)
6185 	Flawless Pictish Wizard Mask (Epic)
6186 	Flawless Pictish Wizard Robe (Epic)
6187 	Flawless Pictish Wizard Wraps (Epic)
6188 	Flawless Pictish Wizard Skirt (Epic)
6189 	Flawless Pictish Wizard Moccasins (Epic)
6190 	Flawless Pictish Brave Headgear (Epic)
6191 	Flawless Pictish Brave Tunic (Epic)
6192 	Flawless Pictish Brave Wristwraps (Epic)
6193 	Flawless Pictish Brave Breechclout (Epic)
6194 	Flawless Pictish Brave Moccasins (Epic)
6195 	Flawless Pictish Warchief Headdress (Epic)
6196 	Flawless Pictish Warchief Chestpiece (Epic)
6197 	Flawless Pictish Warchief Gauntlets (Epic)
6198 	Flawless Pictish Warchief Leggings (Epic)
6199 	Flawless Pictish Warchief Boots (Epic)
6200 	Pictish Longsword
6201 	Pictish Greatsword
6202 	Pictish Daggers
6203 	Pictish Club
6204 	Pictish Warhammer
6205 	Pictish Bow
6206 	Pictish Longspear
6207 	Pictish Shield
6208 	Pictish Javelin
6210 	Pictish Axe
6212 	Exceptional Pictish Longsword
6213 	Exceptional Pictish Greatsword
6214 	Exceptional Pictish Daggers
6215 	Exceptional Pictish Club
6216 	Exceptional Pictish Warhammer
6217 	Exceptional Pictish Bow
6218 	Exceptional Pictish Longspear
6219 	Exceptional Pictish Shield
6220 	Exceptional Pictish Javelin
6222 	Exceptional Pictish Axe
6224 	Flawless Pictish Longsword
6225 	Flawless Pictish Greatsword
6226 	Flawless Pictish Daggers
6227 	Flawless Pictish Club
6228 	Flawless Pictish Warhammer
6229 	Flawless Pictish Bow
6230 	Flawless Pictish Longspear
6231 	Flawless Pictish Shield
6232 	Flawless Pictish Javelin
6234 	Flawless Pictish Axe
6236 	Pictish Longsword (Epic)
6237 	Pictish Greatsword (Epic)
6238 	Pictish Daggers (Epic)
6239 	Pictish Club (Epic)
6240 	Pictish Warhammer (Epic)
6241 	Pictish Bow (Epic)
6242 	Pictish Longspear (Epic)
6243 	Pictish Shield (Epic)
6244 	Pictish Javelin (Epic)
6246 	Pictish Axe (Epic)
6248 	Exceptional Pictish Longsword (Epic)
6249 	Exceptional Pictish Greatsword (Epic)
6250 	Exceptional Pictish Daggers (Epic)
6251 	Exceptional Pictish Club (Epic)
6252 	Exceptional Pictish Warhammer (Epic)
6253 	Exceptional Pictish Bow (Epic)
6254 	Exceptional Pictish Longspear (Epic)
6255 	Exceptional Pictish Shield (Epic)
6256 	Exceptional Pictish Javelin (Epic)
6258 	Exceptional Pictish Axe (Epic)
6260 	Flawless Pictish Longsword (Epic)
6261 	Flawless Pictish Greatsword (Epic)
6262 	Flawless Pictish Daggers (Epic)
6263 	Flawless Pictish Club (Epic)
6264 	Flawless Pictish Warhammer (Epic)
6265 	Flawless Pictish Bow (Epic)
6266 	Flawless Pictish Longspear (Epic)
6267 	Flawless Pictish Shield (Epic)
6268 	Flawless Pictish Javelin (Epic)
6270 	Flawless Pictish Axe (Epic)
6272 	Pictish War-Axe
6273 	Exceptional Pictish War-Axe
6274 	Flawless Pictish War-Axe
6275 	Pictish War-Axe (Epic)
6276 	Exceptional Pictish War-Axe (Epic)
6277 	Flawless Pictish War-Axe (Epic)
6300 	Frontier Foundation
6301 	Frontier Wall
6302 	Frontier Left-Sloping Wall
6303 	Frontier Right-Sloping Wall
6304 	Frontier Left-Sloping Inverted Wall
6305 	Frontier Right-Sloping Inverted Wall
6306 	Frontier Ceiling
6307 	Frontier Doorframe
6308 	Frontier Stairs
6309 	Frontier Stairs (rail)
6310 	Frontier Stairs Corner
6311 	Frontier Ramp
6312 	Frontier Ramp Corner
6313 	Frontier Wedge
6314 	Frontier Wedge Foundation
6315 	Frontier Frame
6316 	Frontier Door
6317 	Frontier Pillar
6318 	Frontier Fence
6319 	Frontier Fence Foundation
6320 	Frontier Sloped Roof
6321 	Frontier Inverted Wedge Sloped Roof
6322 	Frontier Wedge Sloped Roof
6323 	Frontier Sloped Roof Corner
6324 	Frontier Inverted Sloped Roof Corner
6325 	Frontier Rooftop End
6326 	Frontier Rooftop
6327 	Frontier Rooftop Corner
6328 	Frontier Rooftop Junction
6329 	Frontier Rooftop Intersection
6330 	Frontier Rooftop Cap
6331 	Frontier Wall Cap
6332 	Frontier Crenelated Wall
6333 	Frontier Gate Frame
6334 	Frontier Gate Door
6335 	Frontier Hatch Frame
6336 	Frontier Hatch Door
6337 	Frontier Awning
6338 	Frontier Awning Corner
6350 	Shoebill (Variant D)
6351 	Bear (Pet)
6352 	Panther (Variant B)
6353 	Shaleback (Variant E)
6354 	Wolf (Variant B)
6355 	Totemic Fodder
6356 	Shoebill (Variant E)
6357 	Shoebill (Variant F)
6358 	Greater Bear (Variant B)
6359 	Greater Panther (Variant B)
6360 	Greater Wolf (Variant B)
6361 	Shaleback (Variant F)
6362 	Shaleback (Variant G)
6363 	Shaleback (Variant H)
7100 	Warpaint - Sky Watch
7101 	Warpaint - Aegis
7102 	Warpaint - Blessed
7103 	Warpaint - Bravery
7104 	Warpaint - Rule
7110 	Aquilonian Scout Headgear
7111 	Aquilonian Scout Vest
7112 	Aquilonian Scout Wraps
7113 	Aquilonian Scout Pteruges
7114 	Aquilonian Scout Sandals
7115 	Aquilonian Infantry Helm
7116 	Aquilonian Infantry Cuirass
7117 	Aquilonian Infantry Bracers
7118 	Aquilonian Infantry Pteruges
7119 	Aquilonian Infantry Sandals
7120 	Black Dragon Helm
7121 	Black Dragon Cuirass
7122 	Black Dragon Gauntlets
7123 	Black Dragon Pteruges
7124 	Black Dragon Sandals
7125 	Exceptional Aquilonian Scout Headgear
7126 	Exceptional Aquilonian Scout Vest
7127 	Exceptional Aquilonian Scout Wraps
7128 	Exceptional Aquilonian Scout Pteruges
7129 	Exceptional Aquilonian Scout Sandals
7130 	Exceptional Aquilonian Infantry Helm
7131 	Exceptional Aquilonian Infantry Cuirass
7132 	Exceptional Aquilonian Infantry Bracers
7133 	Exceptional Aquilonian Infantry Pteruges
7134 	Exceptional Aquilonian Infantry Sandals
7135 	Exceptional Black Dragon Helm
7136 	Exceptional Black Dragon Cuirass
7137 	Exceptional Black Dragon Gauntlets
7138 	Exceptional Black Dragon Pteruges
7139 	Exceptional Black Dragon Sandals
7140 	Flawless Aquilonian Scout Headgear
7141 	Flawless Aquilonian Scout Vest
7142 	Flawless Aquilonian Scout Wraps
7143 	Flawless Aquilonian Scout Pteruges
7144 	Flawless Aquilonian Scout Sandals
7145 	Flawless Aquilonian Infantry Helm
7146 	Flawless Aquilonian Infantry Cuirass
7147 	Flawless Aquilonian Infantry Bracers
7148 	Flawless Aquilonian Infantry Pteruges
7149 	Flawless Aquilonian Infantry Sandals
7150 	Flawless Black Dragon Helm
7151 	Flawless Black Dragon Cuirass
7152 	Flawless Black Dragon Gauntlets
7153 	Flawless Black Dragon Pteruges
7154 	Flawless Black Dragon Sandals
7155 	Aquilonian Scout Headgear (Epic)
7156 	Aquilonian Scout Vest (Epic)
7157 	Aquilonian Scout Wraps (Epic)
7158 	Aquilonian Scout Pteruges (Epic)
7159 	Aquilonian Scout Sandals (Epic)
7160 	Aquilonian Infantry Helm (Epic)
7161 	Aquilonian Infantry Cuirass (Epic)
7162 	Aquilonian Infantry Bracers (Epic)
7163 	Aquilonian Infantry Pteruges (Epic)
7164 	Aquilonian Infantry Sandals (Epic)
7165 	Black Dragon Helm (Epic)
7166 	Black Dragon Cuirass (Epic)
7167 	Black Dragon Gauntlets (Epic)
7168 	Black Dragon Pteruges (Epic)
7169 	Black Dragon Sandals (Epic)
7170 	Exceptional Aquilonian Scout Headgear (Epic)
7171 	Exceptional Aquilonian Scout Vest (Epic)
7172 	Exceptional Aquilonian Scout Wraps (Epic)
7173 	Exceptional Aquilonian Scout Pteruges (Epic)
7174 	Exceptional Aquilonian Scout Sandals (Epic)
7175 	Exceptional Aquilonian Infantry Helm (Epic)
7176 	Exceptional Aquilonian Infantry Cuirass (Epic)
7177 	Exceptional Aquilonian Infantry Bracers (Epic)
7178 	Exceptional Aquilonian Infantry Pteruges (Epic)
7179 	Exceptional Aquilonian Infantry Sandals (Epic)
7180 	Exceptional Black Dragon Helm (Epic)
7181 	Exceptional Black Dragon Cuirass (Epic)
7182 	Exceptional Black Dragon Gauntlets (Epic)
7183 	Exceptional Black Dragon Pteruges (Epic)
7184 	Exceptional Black Dragon Sandals (Epic)
7185 	Flawless Aquilonian Scout Headgear (Epic)
7186 	Flawless Aquilonian Scout Vest (Epic)
7187 	Flawless Aquilonian Scout Wraps (Epic)
7188 	Flawless Aquilonian Scout Pteruges (Epic)
7189 	Flawless Aquilonian Scout Sandals (Epic)
7190 	Flawless Aquilonian Infantry Helm (Epic)
7191 	Flawless Aquilonian Infantry Cuirass (Epic)
7192 	Flawless Aquilonian Infantry Bracers (Epic)
7193 	Flawless Aquilonian Infantry Pteruges (Epic)
7194 	Flawless Aquilonian Infantry Sandals (Epic)
7195 	Flawless Black Dragon Helm (Epic)
7196 	Flawless Black Dragon Cuirass (Epic)
7197 	Flawless Black Dragon Gauntlets (Epic)
7198 	Flawless Black Dragon Pteruges (Epic)
7199 	Flawless Black Dragon Sandals (Epic)
7200 	Aquilonian Longsword
7201 	Aquilonian Greatsword
7202 	Aquilonian Poniards
7203 	Aquilonian Mace
7204 	Aquilonian Warhammer
7205 	Bossonian Bow
7206 	Aquilonian Pike
7207 	Aquilonian Shield
7208 	Aquilonian Javelin
7210 	Aquilonian Throwing Axe
7212 	Exceptional Aquilonian Longsword
7213 	Exceptional Aquilonian Greatsword
7214 	Exceptional Aquilonian Poniards
7215 	Exceptional Aquilonian Mace
7216 	Exceptional Aquilonian Warhammer
7217 	Exceptional Bossonian Bow
7218 	Exceptional Aquilonian Pike
7219 	Exceptional Aquilonian Shield
7220 	Exceptional Aquilonian Javelin
7222 	Exceptional Aquilonian Throwing Axe
7224 	Flawless Aquilonian Longsword
7225 	Flawless Aquilonian Greatsword
7226 	Flawless Aquilonian Poniards
7227 	Flawless Aquilonian Mace
7228 	Flawless Aquilonian Warhammer
7229 	Flawless Bossonian Bow
7230 	Flawless Aquilonian Pike
7231 	Flawless Aquilonian Shield
7232 	Flawless Aquilonian Javelin
7234 	Flawless Aquilonian Throwing Axe
7236 	Aquilonian Longsword (Epic)
7237 	Aquilonian Greatsword (Epic)
7238 	Aquilonian Poniards (Epic)
7239 	Aquilonian Mace (Epic)
7240 	Aquilonian Warhammer (Epic)
7241 	Bossonian Bow (Epic)
7242 	Aquilonian Pike (Epic)
7243 	Aquilonian Shield (Epic)
7244 	Aquilonian Javelin (Epic)
7246 	Aquilonian Throwing Axe (Epic)
7248 	Exceptional Aquilonian Longsword (Epic)
7249 	Exceptional Aquilonian Greatsword (Epic)
7250 	Exceptional Aquilonian Poniards (Epic)
7251 	Exceptional Aquilonian Mace (Epic)
7252 	Exceptional Aquilonian Warhammer (Epic)
7253 	Exceptional Bossonian Bow (Epic)
7254 	Exceptional Aquilonian Pike (Epic)
7255 	Exceptional Aquilonian Shield (Epic)
7256 	Exceptional Aquilonian Javelin (Epic)
7258 	Exceptional Aquilonian Throwing Axe (Epic)
7260 	Flawless Aquilonian Longsword (Epic)
7261 	Flawless Aquilonian Greatsword (Epic)
7262 	Flawless Aquilonian Poniards (Epic)
7263 	Flawless Aquilonian Mace (Epic)
7264 	Flawless Aquilonian Warhammer (Epic)
7265 	Flawless Bossonian Bow (Epic)
7266 	Flawless Aquilonian Pike (Epic)
7267 	Flawless Aquilonian Shield (Epic)
7268 	Flawless Aquilonian Javelin (Epic)
7270 	Flawless Aquilonian Throwing Axe (Epic)
7272 	Aquilonian War-Axe
7273 	Exceptional Aquilonian War-Axe
7274 	Flawless Aquilonian War-Axe
7275 	Aquilonian War-Axe (Epic)
7276 	Exceptional Aquilonian War-Axe (Epic)
7277 	Flawless Aquilonian War-Axe (Epic)
7299 	Aquilonian Artisan Table
7300 	Aquilonian Foundation
7301 	Aquilonian Wall
7302 	Aquilonian Left-Sloping Wall
7303 	Aquilonian Right-Sloping Wall
7304 	Aquilonian Left-Sloping Inverted Wall
7305 	Aquilonian Right-Sloping Inverted Wall
7306 	Aquilonian Ceiling
7307 	Aquilonian Doorframe
7308 	Aquilonian Stairs
7309 	Aquilonian Stairs (rail)
7310 	Aquilonian Stairs Corner
7311 	Aquilonian Ramp
7312 	Aquilonian Ramp Corner
7313 	Aquilonian Wedge
7314 	Aquilonian Wedge Foundation
7315 	Aquilonian Frame
7316 	Aquilonian Door
7317 	Aquilonian Pillar
7318 	Aquilonian Fence
7319 	Aquilonian Fence Foundation
7320 	Aquilonian Sloped Roof
7321 	Aquilonian Inverted Wedge Sloped Roof
7322 	Aquilonian Wedge Sloped Roof
7323 	Aquilonian Sloped Roof Corner
7324 	Aquilonian Inverted Sloped Roof Corner
7325 	Aquilonian Rooftop End
7326 	Aquilonian Rooftop
7327 	Aquilonian Rooftop Corner
7328 	Aquilonian Rooftop Junction
7329 	Aquilonian Rooftop Intersection
7330 	Aquilonian Rooftop Cap
7331 	Aquilonian Wall Cap
7332 	Aquilonian Crenelated Wall
7333 	Aquilonian Gate Frame
7334 	Aquilonian Gate Door
7335 	Aquilonian Hatch Frame
7336 	Aquilonian Hatch Door
7337 	Aquilonian Awning
7338 	Aquilonian Awning Corner
7350 	Aquilonian Folding Screen
7351 	Ornate Single Bed
7352 	Aquilonian Vanity Table
7353 	Aquilonian Brazier (Variant A)
7354 	Aquilonian Brazier (Variant B)
7355 	Aquilonian Brazier (Variant C)
7356 	Aquilonian Councillor Chair
7357 	Aquilonian Chair (Variant A)
7358 	Aquilonian Chair (Variant B)
7359 	Aquilonian Divan
7360 	Writing Desk
7361 	Aquilonian Flag (Variant A)
7362 	Aquilonian Flag (Variant B)
7363 	Harp
7364 	Aquilonian Jar (Variant A)
7365 	Aquilonian Jar (Variant B)
7366 	Aquilonian Jar (Variant C)
7367 	Aquilonian Statue (Variant A)
7368 	Aquilonian Statue (Variant B)
7369 	Aquilonian Statue (Variant C)
7370 	Aquilonian Statue (Variant D)
7371 	Aquilonian Table
7372 	Aquilonian Wall Torch
7373 	Aquilonian Carpet
8000 	Conan's Atlantean Sword
8001 	Royal Circlet
8002 	Royal Breastplate
8003 	Royal Gauntlets
8004 	Royal Tassets
8005 	Royal Greaves
8006 	Royal Circlet (Epic)
8007 	Royal Breastplate (Epic)
8008 	Royal Gauntlets (Epic)
8009 	Royal Tassets (Epic)
8010 	Royal Greaves (Epic)
8011 	Conan's Atlantean Sword (Epic)
8100 	Warpaint - Dreams of the East
8101 	Warpaint - The Silken Path
8102 	Warpaint - Scent of the Lotus
8103 	Warpaint - The Purple Towers
8104 	Warpaint - Godslayer's Tears
8110 	Khitan Mercenary Headband
8111 	Khitan Mercenary Cuirass
8112 	Khitan Mercenary Bracers
8113 	Khitan Mercenary Tasset
8114 	Khitan Mercenary Footgear
8115 	Khitan Captain Helm
8116 	Khitan Captain Dingjia
8117 	Khitan Captain Bracers
8118 	Khitan Captain Tasset
8119 	Khitan Captain Boots
8120 	Khitan Imperial Helm
8121 	Khitan Imperial Breastplate
8122 	Khitan Imperial Bracers
8123 	Khitan Imperial Tasset
8124 	Khitan Imperial Boots
8125 	Exceptional Khitan Mercenary Headband
8126 	Exceptional Khitan Mercenary Cuirass
8127 	Exceptional Khitan Mercenary Bracers
8128 	Exceptional Khitan Mercenary Tasset
8129 	Exceptional Khitan Mercenary Footgear
8130 	Exceptional Khitan Captain Helm
8131 	Exceptional Khitan Captain Dingjia
8132 	Exceptional Khitan Captain Bracers
8133 	Exceptional Khitan Captain Tasset
8134 	Exceptional Khitan Captain Boots
8135 	Exceptional Khitan Imperial Helm
8136 	Exceptional Khitan Imperial Breastplate
8137 	Exceptional Khitan Imperial Bracers
8138 	Exceptional Khitan Imperial Tasset
8139 	Exceptional Khitan Imperial Boots
8140 	Flawless Khitan Mercenary Headband
8141 	Flawless Khitan Mercenary Cuirass
8142 	Flawless Khitan Mercenary Bracers
8143 	Flawless Khitan Mercenary Tasset
8144 	Flawless Khitan Mercenary Footgear
8145 	Flawless Khitan Captain Helm
8146 	Flawless Khitan Captain Dingjia
8147 	Flawless Khitan Captain Bracers
8148 	Flawless Khitan Captain Tasset
8149 	Flawless Khitan Captain Boots
8150 	Flawless Khitan Imperial Helm
8151 	Flawless Khitan Imperial Breastplate
8152 	Flawless Khitan Imperial Bracers
8153 	Flawless Khitan Imperial Tasset
8154 	Flawless Khitan Imperial Boots
8155 	Khitan Mercenary Headband (Epic)
8156 	Khitan Mercenary Cuirass (Epic)
8157 	Khitan Mercenary Bracers (Epic)
8158 	Khitan Mercenary Tasset (Epic)
8159 	Khitan Mercenary Footgear (Epic)
8160 	Khitan Captain Helm (Epic)
8161 	Khitan Officer Dingjia
8162 	Khitan Captain Bracers (Epic)
8163 	Khitan Captain Tasset (Epic)
8164 	Khitan Captain Boots (Epic)
8165 	Khitan Imperial Helm (Epic)
8166 	Khitan Imperial Breastplate (Epic)
8167 	Khitan Imperial Bracers (Epic)
8168 	Khitan Imperial Tasset (Epic)
8169 	Khitan Imperial Boots (Epic)
8170 	Exceptional Khitan Mercenary Headband (Epic)
8171 	Exceptional Khitan Mercenary Cuirass (Epic)
8172 	Exceptional Khitan Mercenary Bracers (Epic)
8173 	Exceptional Khitan Mercenary Tasset (Epic)
8174 	Exceptional Khitan Mercenary Footgear (Epic)
8175 	Exceptional Khitan Captain Helm (Epic)
8176 	Exceptional Khitan Captain Dingjia (Epic)
8177 	Exceptional Khitan Captain Bracers (Epic)
8178 	Exceptional Khitan Captain Tasset (Epic)
8179 	Exceptional Khitan Captain Boots (Epic)
8180 	Exceptional Khitan Imperial Helm (Epic)
8181 	Exceptional Khitan Imperial Breastplate (Epic)
8182 	Exceptional Khitan Imperial Bracers (Epic)
8183 	Exceptional Khitan Imperial Tasset (Epic)
8184 	Exceptional Khitan Imperial Boots (Epic)
8185 	Flawless Khitan Mercenary Headband (Epic)
8186 	Flawless Khitan Mercenary Cuirass (Epic)
8187 	Flawless Khitan Mercenary Bracers (Epic)
8188 	Flawless Khitan Mercenary Tasset (Epic)
8189 	Flawless Khitan Mercenary Footgear (Epic)
8190 	Flawless Khitan Captain Helm (Epic)
8191 	Flawless Khitan Captain Dingjia (Epic)
8192 	Flawless Khitan Captain Bracers (Epic)
8193 	Flawless Khitan Captain Tasset (Epic)
8194 	Flawless Khitan Captain Boots (Epic)
8195 	Flawless Khitan Imperial Helm (Epic)
8196 	Flawless Khitan Imperial Breastplate (Epic)
8197 	Flawless Khitan Imperial Bracers (Epic)
8198 	Flawless Khitan Imperial Tasset (Epic)
8199 	Flawless Khitan Imperial Boots (Epic)
8200 	Khitan Jian
8201 	Khitan Great Jian
8202 	Khitan Dual-dao
8203 	Khitan Mace
8204 	Khitan Warclub
8205 	Khitan Bow
8206 	Khitan Quiang
8208 	Khitan Javelin
8210 	Khitan Throwing Axe
8212 	Exceptional Khitan Jian
8213 	Exceptional Khitan Great Jian
8214 	Exceptional Khitan Dual-dao
8215 	Exceptional Khitan Mace
8216 	Exceptional Khitan Warclub
8217 	Exceptional Khitan Bow
8218 	Exceptional Khitan Quiang
8219 	Exceptional Khitan Shield
8220 	Exceptional Khitan Javelin
8222 	Exceptional Khitan Throwing Axe
8224 	Flawless Khitan Jian
8225 	Flawless Khitan Great Jian
8226 	Flawless Khitan Dual-dao
8227 	Flawless Khitan Mace
8228 	Flawless Khitan Warclub
8229 	Flawless Khitan Bow
8230 	Flawless Khitan Quiang
8231 	Flawless Khitan Shield
8232 	Flawless Khitan Javelin
8234 	Flawless Khitan Throwing Axe
8236 	Khitan Jian (Epic)
8237 	Khitan Great Jian (Epic)
8238 	Khitan Dual-dao (Epic)
8239 	Khitan Mace (Epic)
8240 	Khitan Warclub (Epic)
8241 	Khitan Bow (Epic)
8242 	Khitan Quiang (Epic)
8243 	Khitan Shield (Epic)
8244 	Khitan Javelin (Epic)
8246 	Khitan Throwing Axe (Epic)
8248 	Exceptional Khitan Jian (Epic)
8249 	Exceptional Khitan Great Jian (Epic)
8250 	Exceptional Khitan Dual-dao (Epic)
8251 	Exceptional Khitan Mace (Epic)
8252 	Exceptional Khitan Warclub (Epic)
8253 	Exceptional Khitan Bow (Epic)
8254 	Exceptional Khitan Quiang (Epic)
8255 	Exceptional Khitan Shield (Epic)
8256 	Exceptional Khitan Javelin (Epic)
8258 	Exceptional Khitan Throwing Axe (Epic)
8260 	Flawless Khitan Jian (Epic)
8261 	Flawless Khitan Great Jian (Epic)
8262 	Flawless Khitan Dual-dao (Epic)
8263 	Flawless Khitan Mace (Epic)
8264 	Flawless Khitan Warclub (Epic)
8265 	Flawless Khitan Bow (Epic)
8266 	Flawless Khitan Quiang (Epic)
8267 	Flawless Khitan Shield (Epic)
8268 	Flawless Khitan Javelin (Epic)
8270 	Flawless Khitan Throwing Axe (Epic)
8272 	Khitan War-axe
8273 	Exceptional Khitan War-axe
8274 	Flawless Khitan War-axe
8275 	Khitan War-axe (Epic)
8276 	Exceptional Khitan War-axe (Epic)
8277 	Flawless Khitan War-axe (Epic)
8299 	Khitan Artisan Table
8300 	Khitan Foundation
8301 	Khitan Wall
8302 	Khitan Left-Sloping Wall
8303 	Khitan Right-Sloping Wall
8304 	Khitan Left-Sloping Inverted Wall
8305 	Khitan Right-Sloping Inverted Wall
8306 	Khitan Ceiling
8307 	Khitan Doorframe
8308 	Khitan Stairs
8309 	Khitan Stairs (rail)
8310 	Khitan Stairs Corner
8311 	Khitan Ramp
8312 	Khitan Ramp Corner
8313 	Khitan Wedge
8314 	Khitan Wedge Foundation
8315 	Khitan Frame
8316 	Khitan Door
8317 	Khitan Pillar
8318 	Khitan Fence
8319 	Khitan Fence Foundation
8320 	Khitan Sloped Roof
8321 	Khitan Inverted Wedge Sloped Roof
8322 	Khitan Wedge Sloped Roof
8323 	Khitan Sloped Roof Corner
8324 	Khitan Inverted Sloped Roof Corner
8325 	Khitan Rooftop End
8326 	Khitan Rooftop
8327 	Khitan Rooftop Corner
8328 	Khitan Rooftop Junction
8329 	Khitan Rooftop Intersection
8330 	Khitan Rooftop Cap
8331 	Khitan Wall Cap
8332 	Khitan Crenelated Wall
8333 	Khitan Gate Frame
8334 	Khitan Gate Door
8335 	Khitan Hatch Frame
8336 	Khitan Hatch Door
8337 	Khitan Awning
8338 	Khitan Awning Corner
8350 	Khitan Brazier (Variant A)
8351 	Khitan Brazier (Variant B)
8352 	Jade Cat Idol
8353 	Iron Cauldron (Variant A)
8354 	Iron Cauldron (Variant B)
8355 	Iron Cauldron (Variant C)
8356 	Iron Cauldron (Variant D)
8357 	Khitan Wooden Seat
8358 	Khitan Pot
8359 	Khitan Zheng
8360 	Khitan Table (Variant A)
8361 	Khitan Table (Variant B)
8362 	Khitan Folding Screen
8363 	Khitan Dragon Idol
8364 	Khitan Foot-rest
8365 	Khitan Tapestry
8366 	Khitan Legionary Statue
8367 	Khitan Lamp (Variant A)
8368 	Khitan Lamp (Variant B)
8369 	Khitan Drum
8370 	Khitan Carpet (Variant A)
8371 	Khitan Carpet (Variant B)
8372 	Khitan Chair
8373 	Khitan Jar
5100 	Warpaint - Dreams of Shanpur
5101 	Warpaint - Wanderer
5102 	Warpaint - Opulence
5103 	Warpaint - Glory
5104 	Warpaint - Virtue
5110 	Turanian Scout Helmet
5111 	Turanian Scout Chestpiece
5112 	Turanian Scout Gloves
5113 	Turanian Scout Leggings
5114 	Turanian Scout Boots
5115 	Turanian Mercenary Headgear
5116 	Turanian Mercenary Chestguard
5117 	Turanian Mercenary Gauntlets
5118 	Turanian Mercenary Leg-guards
5119 	Turanian Mercenary Boots
5120 	Turanian Phalanx Helm
5121 	Turanian Phalanx Chestguard
5122 	Turanian Phalanx Gauntlets
5123 	Turanian Phalanx Leg-guards
5124 	Turanian Phalanx Boots
5125 	Exceptional Turanian Scout Helmet
5126 	Exceptional Turanian Scout Chestpiece
5127 	Exceptional Turanian Scout Gloves
5128 	Exceptional Turanian Scout Leggings
5129 	Exceptional Turanian Scout Boots
5130 	Exceptional Turanian Mercenary Headgear
5131 	Exceptional Turanian Mercenary Chestguard
5132 	Exceptional Turanian Mercenary Gauntlets
5133 	Exceptional Turanian Mercenary Leg-guards
5134 	Exceptional Turanian Mercenary Boots
5135 	Exceptional Turanian Phalanx Helm
5136 	Exceptional Turanian Phalanx Chestguard
5137 	Exceptional Turanian Phalanx Gauntlets
5138 	Exceptional Turanian Phalanx Leg-guards
5139 	Exceptional Turanian Phalanx Boots
5140 	Flawless Turanian Scout Helmet
5141 	Flawless Turanian Scout Chestpiece
5142 	Flawless Turanian Scout Gloves
5143 	Flawless Turanian Scout Leggings
5144 	Flawless Turanian Scout Boots
5145 	Flawless Turanian Mercenary Headgear
5146 	Flawless Turanian Mercenary Chestguard
5147 	Flawless Turanian Mercenary Gauntlets
5148 	Flawless Turanian Mercenary Leg-guards
5149 	Flawless Turanian Mercenary Boots
5150 	Flawless Turanian Phalanx Helm
5151 	Flawless Turanian Phalanx Chestguard
5152 	Flawless Turanian Phalanx Gauntlets
5153 	Flawless Turanian Phalanx Leg-guards
5154 	Flawless Turanian Phalanx Boots
5155 	Turanian Scout Helmet (Epic)
5156 	Turanian Scout Chestpiece (Epic)
5157 	Turanian Scout Gloves (Epic)
5158 	Turanian Scout Leggings (Epic)
5159 	Turanian Scout Boots (Epic)
5160 	Turanian Mercenary Headgear (Epic)
5161 	Turanian Mercenary Chestguard (Epic)
5162 	Turanian Mercenary Gauntlets (Epic)
5163 	Turanian Mercenary Leg-guards (Epic)
5164 	Turanian Mercenary Boots (Epic)
5165 	Turanian Phalanx Helm (Epic)
5166 	Turanian Phalanx Chestguard (Epic)
5167 	Turanian Phalanx Gauntlets (Epic)
5168 	Turanian Phalanx Leg-guards (Epic)
5169 	Turanian Phalanx Boots (Epic)
5170 	Exceptional Turanian Scout Helmet (Epic)
5171 	Exceptional Turanian Scout Chestpiece (Epic)
5172 	Exceptional Turanian Scout Gloves (Epic)
5173 	Exceptional Turanian Scout Leggings (Epic)
5174 	Exceptional Turanian Scout Boots (Epic)
5175 	Exceptional Turanian Mercenary Headgear (Epic)
5176 	Exceptional Turanian Mercenary Chestguard (Epic)
5177 	Exceptional Turanian Mercenary Gauntlets (Epic)
5178 	Exceptional Turanian Mercenary Leg-guards (Epic)
5179 	Exceptional Turanian Mercenary Boots (Epic)
5180 	Exceptional Turanian Phalanx Helm (Epic)
5181 	Exceptional Turanian Phalanx Chestguard (Epic)
5182 	Exceptional Turanian Phalanx Gauntlets (Epic)
5183 	Exceptional Turanian Phalanx Leg-guards (Epic)
5184 	Exceptional Turanian Phalanx Boots (Epic)
5185 	Flawless Turanian Scout Helmet (Epic)
5186 	Flawless Turanian Scout Chestpiece (Epic)
5187 	Flawless Turanian Scout Gloves (Epic)
5188 	Flawless Turanian Scout Leggings (Epic)
5189 	Flawless Turanian Scout Boots (Epic)
5190 	Flawless Turanian Mercenary Headgear (Epic)
5191 	Flawless Turanian Mercenary Chestguard (Epic)
5192 	Flawless Turanian Mercenary Gauntlets (Epic)
5193 	Flawless Turanian Mercenary Leg-guards (Epic)
5194 	Flawless Turanian Mercenary Boots (Epic)
5195 	Flawless Turanian Phalanx Helm (Epic)
5196 	Flawless Turanian Phalanx Chestguard (Epic)
5197 	Flawless Turanian Phalanx Gauntlets (Epic)
5198 	Flawless Turanian Phalanx Leg-guards (Epic)
5199 	Flawless Turanian Phalanx Boots (Epic)
5200 	Turanian Sword
5201 	Turanian Great Sword
5202 	Turanian Daggers
5203 	Turanian Mace
5204 	Turanian Warhammer
5205 	Turanian Bow
5206 	Turanian Pike
5207 	Turanian Shield
5212 	Exceptional Turanian Sword
5213 	Exceptional Turanian Great Sword
5214 	Exceptional Turanian Daggers
5215 	Exceptional Turanian Mace
5216 	Exceptional Turanian Warhammer
5217 	Exceptional Turanian Bow
5218 	Exceptional Turanian Pike
5219 	Exceptional Turanian Shield
5224 	Flawless Turanian Sword
5225 	Flawless Turanian Great Sword
5226 	Flawless Turanian Daggers
5227 	Flawless Turanian Mace
5228 	Flawless Turanian Warhammer
5229 	Flawless Turanian Bow
5230 	Flawless Turanian Pike
5231 	Flawless Turanian Shield
5236 	Turanian Sword (Epic)
5237 	Turanian Great Sword (Epic)
5238 	Turanian Daggers (Epic)
5239 	Turanian Mace (Epic)
5240 	Turanian Warhammer (Epic)
5241 	Turanian Bow (Epic)
5242 	Turanian Pike (Epic)
5243 	Turanian Shield (Epic)
5248 	Exceptional Turanian Sword (Epic)
5249 	Exceptional Turanian Great Sword (Epic)
5250 	Exceptional Turanian Daggers (Epic)
5251 	Exceptional Turanian Mace (Epic)
5252 	Exceptional Turanian Warhammer (Epic)
5253 	Exceptional Turanian Bow (Epic)
5254 	Exceptional Turanian Pike (Epic)
5255 	Exceptional Turanian Shield (Epic)
5260 	Flawless Turanian Sword (Epic)
5261 	Flawless Turanian Great Sword (Epic)
5262 	Flawless Turanian Daggers (Epic)
5263 	Flawless Turanian Mace (Epic)
5264 	Flawless Turanian Warhammer (Epic)
5265 	Flawless Turanian Bow (Epic)
5266 	Flawless Turanian Pike (Epic)
5267 	Flawless Turanian Shield (Epic)
5272 	Turanian War-Axe
5273 	Exceptional Turanian War-Axe
5274 	Flawless Turanian War-Axe
5275 	Turanian War-Axe (Epic)
5276 	Exceptional Turanian War-Axe (Epic)
5277 	Flawless Turanian War-Axe (Epic)
5299 	Turanian Artisan Table
5300 	Turanian Foundation
5301 	Turanian Wall
5302 	Turanian Left-Sloping Wall
5303 	Turanian Right-Sloping Wall
5304 	Turanian Left-Sloping Inverted Wall
5305 	Turanian Right-Sloping Inverted Wall
5306 	Turanian Ceiling
5307 	Turanian Doorframe
5308 	Turanian Stairs
5309 	Turanian Stairs (rail)
5310 	Turanian Stairs Corner
5311 	Turanian Ramp
5312 	Turanian Ramp Corner
5313 	Turanian Wedge
5314 	Turanian Wedge Foundation
5315 	Turanian Frame
5316 	Turanian Door
5317 	Turanian Pillar
5318 	Turanian Fence
5319 	Turanian Fence Foundation
5320 	Turanian Sloped Roof
5321 	Turanian Inverted Wedge Sloped Roof
5322 	Turanian Wedge Sloped Roof
5323 	Turanian Sloped Roof Corner
5324 	Turanian Inverted Sloped Roof Corner
5325 	Turanian Rooftop End
5326 	Turanian Rooftop
5327 	Turanian Rooftop Corner
5328 	Turanian Rooftop Junction
5329 	Turanian Rooftop Intersection
5330 	Turanian Rooftop Cap
5331 	Turanian Wall Cap
5332 	Turanian Crenelated Wall
5333 	Turanian Gate Frame
5334 	Turanian Gate Door
5335 	Turanian Hatch Frame
5336 	Turanian Hatch Door
5337 	Turanian Awning
5338 	Turanian Awning Corner
5350 	Turanian Statue (Variant A)
5351 	Turanian Statue (Variant B)
5352 	Turanian Statue (Variant C)
5353 	Turanian Brazier
5354 	Turanian Standing Lamp
5355 	Turanian Cup
5356 	Turanian Jar
5357 	Turanian Hanging Lamp
5358 	Turanian Stool
5359 	Turanian Fodder
5360 	Turanian Caravan Rhino (Pet)
5361 	Turanian Caravan Elephant (Pet)
8400 	Reaver Helmet
8401 	Ravager Helmet
8402 	Steppes Helmet
8403 	Kings Guard Helmet
8404 	Setite Cult Helmet
8405 	Exceptional Reaver Helmet
8406 	Exceptional Ravager Helmet
8407 	Exceptional Steppes Helmet
8408 	Exceptional Kings Guard Helmet
8409 	Exceptional Setite Cult Helmet
8410 	Flawless Reaver Helmet
8411 	Flawless Ravager Helmet
8412 	Flawless Steppes Helmet
8413 	Flawless Kings Guard Helmet
8414 	Flawless Setite Cult Helmet
8415 	Reaver Helmet (Epic)
8416 	Ravager Helmet (Epic)
8417 	Steppes Helmet (Epic)
8418 	Kings Guard Helmet (Epic)
8419 	Setite Cult Helmet (Epic)
8420 	Exceptional Reaver Helmet (Epic)
8421 	Exceptional Ravager Helmet (Epic)
8422 	Exceptional Steppes Helmet (Epic)
8423 	Exceptional Kings Guard Helmet (Epic)
8424 	Exceptional Setite Cult Helmet (Epic)
8425 	Flawless Reaver Helmet (Epic)
8426 	Flawless Ravager Helmet (Epic)
8427 	Flawless Steppes Helmet (Epic)
8428 	Flawless Kings Guard Helmet (Epic)
8429 	Flawless Setite Cult Helmet (Epic)
8430 	Warpaint - Neca Pure
8431 	Warpaint - Neca Warpath
8432 	Warpaint - Neca Vengeance
8434 	Atlantean Throne
8435 	Lion Throne
8436 	Setite Cult Statue (Variant A)
8437 	Setite Cult Statue (Variant B)
8438 	Pool of Refreshment
8439 	Statue of Conan (Variant A)
8440 	Statue of Conan (Variant B)
8441 	Statue of Conan (Variant C)
8442 	Statue of Valeria (Variant A)
8443 	Statue of Subotai (Variant A)
8444 	Statue of Conan (Variant D)
8445 	Statue of Conan (Variant E)
8446 	Statue of Conan (Variant F)
8447 	Statue of Valeria (Variant B)
8448 	Statue of Subotai (Variant B)
8449 	Statue of Conan (Variant G)
8450 	Statue of Conan (Variant H)
8451 	Statue of Conan (Variant I)
8452 	Statue of Valeria (Variant C)
8453 	Statue of Subotai (Variant C)
8487 	Figurine of Conan (Variant A)
8488 	Figurine of Conan (Variant B)
8489 	Figurine of Conan (Variant C)
8490 	Figurine of Valeria (Variant A)
8491 	Figurine of Subotai (Variant A)
8492 	Figurine of Conan (Variant D)
8493 	Figurine of Conan (Variant E)
8494 	Figurine of Conan (Variant F)
8495 	Figurine of Valeria (Variant B)
8496 	Figurine of Subotai (Variant B)
8497 	Figurine of Conan (Variant G)
8498 	Figurine of Conan (Variant H)
8499 	Figurine of Conan (Variant I)
8500 	Figurine of Valeria (Variant C)
8501 	Figurine of Subotai (Variant C)
5500 	Bloodletter Sword
5501 	Bloodletter Two-Handed Sword
5502 	Bloodletter Poniards
5503 	Bloodletter Mace
5504 	Bloodletter Hammer
5505 	Bloodletter Bow
5506 	Bloodletter Pike
5507 	Bloodletter Shield
5512 	Exceptional Bloodletter Sword
5513 	Exceptional Bloodletter Two-Handed Sword
5514 	Exceptional Bloodletter Poniards
5515 	Exceptional Bloodletter Mace
5516 	Exceptional Bloodletter Hammer
5517 	Exceptional Bloodletter Bow
5518 	Exceptional Bloodletter Pike
5519 	Exceptional Bloodletter Shield
5524 	Flawless Bloodletter Sword
5525 	Flawless Bloodletter Two-Handed Sword
5526 	Flawless Bloodletter Poniards
5527 	Flawless Bloodletter Mace
5528 	Flawless Bloodletter Hammer
5529 	Flawless Bloodletter Bow
5530 	Flawless Bloodletter Pike
5531 	Flawless Bloodletter Shield
5536 	Bloodletter Sword (Epic)
5537 	Bloodletter Two-Handed Sword (Epic)
5538 	Bloodletter Poniards (Epic)
5539 	Bloodletter Mace (Epic)
5540 	Bloodletter Hammer (Epic)
5541 	Bloodletter Bow (Epic)
5542 	Bloodletter Pike (Epic)
5543 	Bloodletter Shield (Epic)
5548 	Exceptional Bloodletter Sword (Epic)
5549 	Exceptional Bloodletter Two-Handed Sword (Epic)
5550 	Exceptional Bloodletter Poniards (Epic)
5551 	Exceptional Bloodletter Mace (Epic)
5552 	Exceptional Bloodletter Hammer (Epic)
5553 	Exceptional Bloodletter Bow (Epic)
5554 	Exceptional Bloodletter Pike (Epic)
5555 	Exceptional Bloodletter Shield (Epic)
5560 	Flawless Bloodletter Sword (Epic)
5561 	Flawless Bloodletter Two-Handed Sword (Epic)
5562 	Flawless Bloodletter Poniards (Epic)
5563 	Flawless Bloodletter Mace (Epic)
5564 	Flawless Bloodletter Hammer (Epic)
5565 	Flawless Bloodletter Bow (Epic)
5566 	Flawless Bloodletter Pike (Epic)
5567 	Flawless Bloodletter Shield (Epic)
5572 	Bloodletter Short Sword
5573 	Exceptional Bloodletter Short Sword
5574 	Flawless Bloodletter Short Sword
5575 	Bloodletter Short Sword (Epic)
5576 	Exceptional Bloodletter Short Sword (Epic)
5577 	Flawless Bloodletter Short Sword (Epic)
5578 	Bloodletter Great Axe
5579 	Exceptional Bloodletter Great Axe
5580 	Flawless Bloodletter Great Axe
5581 	Bloodletter Great Axe (Epic)
5582 	Exceptional Bloodletter Great Axe (Epic)
5583 	Flawless Bloodletter Great Axe (Epic)
5584 	Bloodletter War-Axe
5585 	Exceptional Bloodletter War-Axe
5586 	Flawless Bloodletter War-Axe
5587 	Bloodletter War-Axe (Epic)
5588 	Exceptional Bloodletter War-Axe (Epic)
5589 	Flawless Bloodletter War-Axe (Epic)
5590 	Arena Foundation (Variant A)
5591 	Arena Foundation (Variant B)
5592 	Arena Wall
5593 	Arena Ceiling (Variant A)
5594 	Arena Ceiling (Variant B)
5595 	Arena Doorframe
5596 	Arena Stairs
5597 	Arena Stairs Corner
5598 	Arena Stairs Inverted Corner
5601 	Arena Vaulted Ceiling (single)
5602 	Arena Vaulted Ceiling Corner (single)
5603 	Arena Vaulted Ceiling
5604 	Arena Vaulted Ceiling Junction
5605 	Arena Vaulted Ceiling Corner
5606 	Arena Vaulted Ceiling Intersection
5607 	Arena Vaulted Ceiling Inverted Corner (single)
5608 	Arena Fence
5609 	Arena Crenelated Wall
5610 	Arena Pillar
5611 	Arena Gate Frame
5612 	Arena Gate Door (Variant A)
5613 	Arena Door (Variant A)
5614 	Arena Door (Variant B)
5615 	Arena Wedge (Variant A)
5616 	Arena Wedge (Variant B)
5617 	Arena Wedge Foundation (Variant A)
5618 	Arena Wedge Foundation (Variant B)
5619 	Arena Frame
5620 	Arena Gate Door (Variant B)
5630 	War Banner (Variant A)
5631 	War Banner (Variant B)
5632 	War Banner (Variant C)
5633 	War Banner (Variant D)
5634 	War Banner (Variant E)
5635 	War Banner (Variant F)
5636 	War Banner (Variant G)
5637 	War Banner (Variant H)
5638 	War Banner (Variant I)
5639 	War Banner (Variant J)
5640 	Hanging War Banner (Variant A)
5641 	Hanging War Banner (Variant B)
5642 	Hanging War Banner (Variant C)
5643 	Hanging War Banner (Variant D)
5644 	Hanging War Banner (Variant E)
5650 	Assassin Mask
5651 	Assassin Chestpiece
5652 	Assassin Gloves
5653 	Assassin Leggings
5654 	Assassin Boots
5655 	Bear Shaman Headpiece
5656 	Bear Shaman Chestpiece
5657 	Bear Shaman Gloves
5658 	Bear Shaman Tasset
5659 	Bear Shaman Boots
5660 	Barbarian Helmet
5661 	Barbarian Chestplate
5662 	Barbarian Gauntlets
5663 	Barbarian Leggings
5664 	Barbarian Boots
5665 	Exceptional Assassin Mask
5666 	Exceptional Assassin Chestpiece
5667 	Exceptional Assassin Gloves
5668 	Exceptional Assassin Leggings
5669 	Exceptional Assassin Boots
5670 	Exceptional Bear Shaman Headpiece
5671 	Exceptional Bear Shaman Chestpiece
5672 	Exceptional Bear Shaman Gloves
5673 	Exceptional Bear Shaman Tasset
5674 	Exceptional Bear Shaman Boots
5675 	Exceptional Barbarian Helmet
5676 	Exceptional Barbarian Chestplate
5677 	Exceptional Barbarian Gauntlets
5678 	Exceptional Barbarian Leggings
5679 	Exceptional Barbarian Boots
5680 	Flawless Assassin Mask
5681 	Flawless Assassin Chestpiece
5682 	Flawless Assassin Gloves
5683 	Flawless Assassin Leggings
5684 	Flawless Assassin Boots
5685 	Flawless Bear Shaman Headpiece
5686 	Flawless Bear Shaman Chestpiece
5687 	Flawless Bear Shaman Gloves
5688 	Flawless Bear Shaman Tasset
5689 	Flawless Bear Shaman Boots
5690 	Flawless Barbarian Helmet
5691 	Flawless Barbarian Chestplate
5692 	Flawless Barbarian Gauntlets
5693 	Flawless Barbarian Leggings
5694 	Flawless Barbarian Boots
5695 	Assassin Mask (Epic)
5696 	Assassin Chestpiece (Epic)
5697 	Assassin Gloves (Epic)
5698 	Assassin Leggings (Epic)
5699 	Assassin Boots (Epic)
5700 	Bear Shaman Headpiece (Epic)
5701 	Bear Shaman Chestpiece (Epic)
5702 	Bear Shaman Gloves (Epic)
5703 	Bear Shaman Tasset (Epic)
5704 	Bear Shaman Boots (Epic)
5705 	Barbarian Helmet (Epic)
5706 	Barbarian Chestplate (Epic)
5707 	Barbarian Gauntlets (Epic)
5708 	Barbarian Leggings (Epic)
5709 	Barbarian Boots (Epic)
5710 	Exceptional Assassin Mask (Epic)
5711 	Exceptional Assassin Chestpiece (Epic)
5712 	Exceptional Assassin Gloves (Epic)
5713 	Exceptional Assassin Leggings (Epic)
5714 	Exceptional Assassin Boots (Epic)
5715 	Exceptional Bear Shaman Headpiece (Epic)
5716 	Exceptional Bear Shaman Chestpiece (Epic)
5717 	Exceptional Bear Shaman Gloves (Epic)
5718 	Exceptional Bear Shaman Tasset (Epic)
5719 	Exceptional Bear Shaman Boots (Epic)
5720 	Exceptional Barbarian Helmet (Epic)
5721 	Exceptional Barbarian Chestplate (Epic)
5722 	Exceptional Barbarian Gauntlets (Epic)
5723 	Exceptional Barbarian Leggings (Epic)
5724 	Exceptional Barbarian Boots (Epic)
5725 	Flawless Assassin Mask (Epic)
5726 	Flawless Assassin Chestpiece (Epic)
5727 	Flawless Assassin Gloves (Epic)
5728 	Flawless Assassin Leggings (Epic)
5729 	Flawless Assassin Boots (Epic)
5730 	Flawless Bear Shaman Headpiece (Epic)
5731 	Flawless Bear Shaman Chestpiece (Epic)
5732 	Flawless Bear Shaman Gloves (Epic)
5733 	Flawless Bear Shaman Tasset (Epic)
5734 	Flawless Bear Shaman Boots (Epic)
5735 	Flawless Barbarian Helmet (Epic)
5736 	Flawless Barbarian Chestplate (Epic)
5737 	Flawless Barbarian Gauntlets (Epic)
5738 	Flawless Barbarian Leggings (Epic)
5739 	Flawless Barbarian Boots (Epic)
5740 	Twin-Bladed Short Sword
5741 	Exceptional Twin-Bladed Short Sword
5742 	Flawless Twin-Bladed Short Sword
5743 	Curved Short Sword
5744 	Exceptional Curved Short Sword
5745 	Flawless Curved Short Sword
5746 	Spiked Short Sword
5747 	Exceptional Spiked Short Sword
5748 	Flawless Spiked Short Sword
5749 	Hooked Short Sword
5750 	Exceptional Hooked Short Sword
5751 	Flawless Hooked Short Sword
5752 	Jagged Great Axe
5753 	Exceptional Jagged Great Axe
5754 	Flawless Jagged Great Axe
5755 	Reaver's Great Axe
5756 	Exceptional Reaver's Great Axe
5757 	Flawless Reaver's Great Axe
5758 	Barbaric Great Axe
5759 	Exceptional Barbaric Great Axe
5760 	Flawless Barbaric Great Axe
5761 	Great Axe of the North
5762 	Exceptional Great Axe of the North
5763 	Flawless Great Axe of the North
4104 	Warpaint - Calm
4105 	Warpaint - Passion
4106 	Warpaint - Innocence
4107 	Warpaint - Emptiness
4108 	Warpaint - Lust
4109 	Warpaint - Jealousy
4110 	Bejewelled Circlet
4111 	Bejewelled Chains
4112 	Bejewelled Bracelets
4113 	Bejewelled Loin-Cloth
4114 	Bejewelled Anklets
4116 	Inn-Keepers Vestments
4118 	Inn-Keepers Pants
4121 	Nobles Chestpiece
4122 	Artisans Pants
4123 	Nobles Skirt
4124 	Gold Circlet
4125 	Gold Earrings
4126 	Gold Bracelet
4127 	Gold Circlet and Earrings
4128 	Gold Anklet
4129 	Silver Circlet
4130 	Silver Earrings
4131 	Silver Bracelet
4132 	Silver Circlet and Earrings
4133 	Silver Anklet
4134 	Tavern Counter Straight
4135 	Tavern Counter Corner
4136 	Tavern Counter Small
4137 	Hanging Bridge (Short)
4138 	Hanging Bridge
4139 	Hanging Bridge (Long)
4140 	Rope Bridge (Short)
4141 	Rope Bridge
4142 	Rope Bridge (Long)
4143 	Barrel (Variant A)
4144 	Basket
4145 	Barrel Lid
4146 	Luxurious Bed
4147 	Curtains (Variant A)
4148 	Curtains (Variant B)
4149 	Curtains (Variant C)
4150 	Sign (Alchemist)
4151 	Sign (Blacksmith)
4152 	Sign (Armorsmith)
4153 	Sign (Smeltery)
4154 	Sign (Tannery)
4155 	Sign (Prison)
4156 	Sign (Farm)
4157 	Sign (Cook)
4158 	Sign (Tavern)
4159 	Standing Sign (Alchemist)
4160 	Standing Sign (Blacksmith)
4161 	Standing Sign (Armorsmith)
4162 	Standing Sign (Smeltery)
4163 	Standing Sign (Tannery)
4164 	Standing Sign (Prison)
4165 	Standing Sign (Farm)
4166 	Standing Sign (Cook)
4167 	Standing Sign (Tavern)
4168 	Standing Waymarker, Left
4169 	Standing Waymarker, Right
4170 	Stage Corner (Round)
4171 	Stage Corner (Straight)
4172 	Stage Steps
4173 	Tavern Counter Straight (Panels)
4174 	Tavern Counter Corner (Panels)
4175 	Tavern Counter Small (Panels)
4176 	Petrified Egg
4177 	Throne of Skelos
4178 	Stage
4179 	Barrel Rack
4180 	Waymarker, Left
4181 	Waymarker, Right
4182 	Barrel Table (Variant A)
4183 	Curtains (Variant D)
4184 	Curtains (Variant E)
4185 	Bench
4186 	Small Bench
4187 	Stool
4189 	The Glasser
4190 	Reinforced Stool
4192 	Battle Spatula
4193 	Dead Leg
4194 	Table Leg
4195 	Practice Sword
4196 	Gravedigger
4197 	Practice Great Sword
4220 	Four-Sided Die
4221 	Six-Sided Die
4222 	Eight-Sided Die
4223 	Ten-Sided Die
4224 	Twelve-Sided Die
4225 	Twenty-Sided Die
4230 	Painting (Variant A)
4231 	Painting (Variant B)
4232 	Painting (Variant C)
4233 	Painting (Variant D)
4234 	Painting (Variant E)
4235 	Painting (Variant F)
4236 	Painting (Variant G)
4237 	Painting (Variant H)
4238 	Painting (Variant I)
4239 	Painting (Variant J)
4240 	Barrel Stool (Variant A)
4241 	Barrel Stool (Variant B)
4242 	Barrel Table (Variant B)
4243 	Barrel Table (Variant C)
4244 	Wine Basket
4245 	Wine Rack
4246 	Wine Shelf
4299 	Treehouse Foundation
4400 	King's Board (Variant A)
4401 	King's Board (Variant B)
4402 	Dark Priest
4403 	White Priest
4404 	Dark King
4405 	White King
4406 	Dark Cavalry
4407 	White Cavalry
4408 	Dark Horde
4409 	White Infantry
4410 	Dark Queen
4411 	White Queen
4412 	Dark Outsider
4413 	White Outsider
4450 	Dark Templar Helmet
4451 	Dark Templar Chestguard
4452 	Dark Templar Gauntlets
4453 	Dark Templar Legplates
4454 	Dark Templar Sabatons
4455 	Guardian Helmet
4456 	Guardian Chestguard
4457 	Guardian Gauntlets
4458 	Guardian Legplates
4459 	Guardian Sabatons
4460 	Exceptional Dark Templar Helmet
4461 	Exceptional Dark Templar Chestguard
4462 	Exceptional Dark Templar Gauntlets
4463 	Exceptional Dark Templar Legplates
4464 	Exceptional Dark Templar Sabatons
4465 	Exceptional Guardian Helmet
4466 	Exceptional Guardian Chestguard
4467 	Exceptional Guardian Gauntlets
4468 	Exceptional Guardian Legplates
4469 	Exceptional Guardian Sabatons
4470 	Flawless Dark Templar Helmet
4471 	Flawless Dark Templar Chestguard
4472 	Flawless Dark Templar Gauntlets
4473 	Flawless Dark Templar Legplates
4474 	Flawless Dark Templar Sabatons
4475 	Flawless Guardian Helmet
4476 	Flawless Guardian Chestguard
4477 	Flawless Guardian Gauntlets
4478 	Flawless Guardian Legplates
4479 	Flawless Guardian Sabatons
4480 	Dark Templar Helmet (Epic)
4481 	Dark Templar Chestguard (Epic)
4482 	Dark Templar Gauntlets (Epic)
4483 	Dark Templar Legplates (Epic)
4484 	Dark Templar Sabatons (Epic)
4485 	Guardian Helmet (Epic)
4486 	Guardian Chestguard (Epic)
4487 	Guardian Gauntlets (Epic)
4488 	Guardian Legplates (Epic)
4489 	Guardian Sabatons (Epic)
4490 	Exceptional Dark Templar Helmet (Epic)
4491 	Exceptional Dark Templar Chestguard (Epic)
4492 	Exceptional Dark Templar Gauntlets (Epic)
4493 	Exceptional Dark Templar Legplates (Epic)
4494 	Exceptional Dark Templar Sabatons (Epic)
4495 	Exceptional Guardian Helmet (Epic)
4496 	Exceptional Guardian Chestguard (Epic)
4497 	Exceptional Guardian Gauntlets (Epic)
4498 	Exceptional Guardian Legplates (Epic)
4499 	Exceptional Guardian Sabatons (Epic)
4500 	Flawless Dark Templar Helmet (Epic)
4501 	Flawless Dark Templar Chestguard (Epic)
4502 	Flawless Dark Templar Gauntlets (Epic)
4503 	Flawless Dark Templar Legplates (Epic)
4504 	Flawless Dark Templar Sabatons (Epic)
4505 	Flawless Guardian Helmet (Epic)
4506 	Flawless Guardian Chestguard (Epic)
4507 	Flawless Guardian Gauntlets (Epic)
4508 	Flawless Guardian Legplates (Epic)
4509 	Flawless Guardian Sabatons (Epic)
2500 	Poitain Footman Helm
2501 	Poitain Footman Chestplate
2502 	Poitain Footman Bracers
2503 	Poitain Footman Tasset
2504 	Poitain Footman Boots
2505 	Poitain Campaign Helm
2506 	Poitain Campaign Chestplate
2507 	Poitain Campaign Gauntlets
2508 	Poitain Campaign Greaves
2509 	Poitain Campaign Boots
2510 	Poitain Cavalier Helm
2511 	Poitain Cavalier Chestplate
2512 	Poitain Cavalier Gauntlets
2513 	Poitain Cavalier Greaves
2514 	Poitain Cavalier Boots
2515 	Exceptional Poitain Footman Helm
2516 	Exceptional Poitain Footman Chestplate
2517 	Exceptional Poitain Footman Bracers
2518 	Exceptional Poitain Footman Tasset
2519 	Exceptional Poitain Footman Boots
2520 	Exceptional Poitain Campaign Helm
2521 	Exceptional Poitain Campaign Chestplate
2522 	Exceptional Poitain Campaign Gauntlets
2523 	Exceptional Poitain Campaign Greaves
2524 	Exceptional Poitain Campaign Boots
2525 	Exceptional Poitain Cavalier Helm
2526 	Exceptional Poitain Cavalier Chestplate
2527 	Exceptional Poitain Cavalier Gauntlets
2528 	Exceptional Poitain Cavalier Greaves
2529 	Exceptional Poitain Cavalier Boots
2530 	Flawless Poitain Footman Helm
2531 	Flawless Poitain Footman Chestplate
2532 	Flawless Poitain Footman Bracers
2533 	Flawless Poitain Footman Tasset
2534 	Flawless Poitain Footman Boots
2535 	Flawless Poitain Campaign Helm
2536 	Flawless Poitain Campaign Chestplate
2537 	Flawless Poitain Campaign Gauntlets
2538 	Flawless Poitain Campaign Greaves
2539 	Flawless Poitain Campaign Boots
2540 	Flawless Poitain Cavalier Helm
2541 	Flawless Poitain Cavalier Chestplate
2542 	Flawless Poitain Cavalier Gauntlets
2543 	Flawless Poitain Cavalier Greaves
2544 	Flawless Poitain Cavalier Boots
2545 	Poitain Footman Helm (Epic)
2546 	Poitain Footman Chestplate (Epic)
2547 	Poitain Footman Bracers (Epic)
2548 	Poitain Footman Tasset (Epic)
2549 	Poitain Footman Boots (Epic)
2550 	Poitain Campaign Helm (Epic)
2551 	Poitain Campaign Chestplate (Epic)
2552 	Poitain Campaign Gauntlets (Epic)
2553 	Poitain Campaign Greaves (Epic)
2554 	Poitain Campaign Boots (Epic)
2555 	Poitain Cavalier Helm (Epic)
2556 	Poitain Cavalier Chestplate (Epic)
2557 	Poitain Cavalier Gauntlets (Epic)
2558 	Poitain Cavalier Greaves (Epic)
2559 	Poitain Cavalier Boots (Epic)
2560 	Exceptional Poitain Footman Helm (Epic)
2561 	Exceptional Poitain Footman Chestplate (Epic)
2562 	Exceptional Poitain Footman Bracers (Epic)
2563 	Exceptional Poitain Footman Tasset (Epic)
2564 	Exceptional Poitain Footman Boots (Epic)
2565 	Exceptional Poitain Campaign Helm (Epic)
2566 	Exceptional Poitain Campaign Chestplate (Epic)
2567 	Exceptional Poitain Campaign Gauntlets (Epic)
2568 	Exceptional Poitain Campaign Greaves (Epic)
2569 	Exceptional Poitain Campaign Boots (Epic)
2570 	Exceptional Poitain Cavalier Helm (Epic)
2571 	Exceptional Poitain Cavalier Chestplate (Epic)
2572 	Exceptional Poitain Cavalier Gauntlets (Epic)
2573 	Exceptional Poitain Cavalier Greaves (Epic)
2574 	Exceptional Poitain Cavalier Boots (Epic)
2575 	Flawless Poitain Footman Helm (Epic)
2576 	Flawless Poitain Footman Chestplate (Epic)
2577 	Flawless Poitain Footman Bracers (Epic)
2578 	Flawless Poitain Footman Tasset (Epic)
2579 	Flawless Poitain Footman Boots (Epic)
2580 	Flawless Poitain Campaign Helm (Epic)
2581 	Flawless Poitain Campaign Chestplate (Epic)
2582 	Flawless Poitain Campaign Gauntlets (Epic)
2583 	Flawless Poitain Campaign Greaves (Epic)
2584 	Flawless Poitain Campaign Boots (Epic)
2585 	Flawless Poitain Cavalier Helm (Epic)
2586 	Flawless Poitain Cavalier Chestplate (Epic)
2587 	Flawless Poitain Cavalier Gauntlets (Epic)
2588 	Flawless Poitain Cavalier Greaves (Epic)
2589 	Flawless Poitain Cavalier Boots (Epic)
2590 	Poitain Sword
2591 	Poitain Greatsword
2592 	Poitain Mace
2593 	Poitain Warhammer
2594 	Poitain Bow
2595 	Poitain Pike
2596 	Poitain Great Axe
2597 	Poitain Katana
2598 	Poitain War-Axe
2599 	Exceptional Poitain Sword
2600 	Exceptional Poitain Greatsword
2601 	Exceptional Poitain Mace
2602 	Exceptional Poitain Warhammer
2603 	Exceptional Poitain Bow
2604 	Exceptional Poitain Pike
2605 	Exceptional Poitain Great Axe
2606 	Exceptional Poitain Katana
2607 	Exceptional Poitain War-Axe
2608 	Flawless Poitain Sword
2609 	Flawless Poitain Greatsword
2610 	Flawless Poitain Mace
2611 	Flawless Poitain Warhammer
2612 	Flawless Poitain Bow
2613 	Flawless Poitain Pike
2614 	Flawless Poitain Great Axe
2615 	Flawless Poitain Katana
2616 	Flawless Poitain War-Axe
2617 	Poitain Sword (Epic)
2618 	Poitain Greatsword (Epic)
2619 	Poitain Mace (Epic)
2620 	Poitain Warhammer (Epic)
2621 	Poitain Bow (Epic)
2622 	Poitain Pike (Epic)
2623 	Poitain Great Axe (Epic)
2624 	Poitain Katana (Epic)
2625 	Poitain War-Axe (Epic)
2626 	Exceptional Poitain Sword (Epic)
2627 	Exceptional Poitain Greatsword (Epic)
2628 	Exceptional Poitain Mace (Epic)
2629 	Exceptional Poitain Warhammer (Epic)
2630 	Exceptional Poitain Bow (Epic)
2631 	Exceptional Poitain Pike (Epic)
2632 	Exceptional Poitain Great Axe (Epic)
2633 	Exceptional Poitain Katana (Epic)
2634 	Exceptional Poitain War-Axe (Epic)
2635 	Flawless Poitain Sword (Epic)
2636 	Flawless Poitain Greatsword (Epic)
2637 	Flawless Poitain Mace (Epic)
2638 	Flawless Poitain Warhammer (Epic)
2639 	Flawless Poitain Bow (Epic)
2640 	Flawless Poitain Pike (Epic)
2641 	Flawless Poitain Great Axe (Epic)
2642 	Flawless Poitain Katana (Epic)
2643 	Flawless Poitain War-Axe (Epic)
2644 	Stable Foundation
2645 	Hay-Covered Stable Foundation (Variant A)
2646 	Wedge Foundation
2647 	Hay-Covered Stable Foundation (Variant B)
2648 	Stable Ceiling
2649 	Hay-Covered Stable Ceiling
2650 	Stable Ceiling Wedge
2651 	Hay-Covered Stable Ceiling Wedge
2652 	Lattice Wall
2653 	Lattice Wall (Half height)
2654 	Lattice Door Frame
2655 	Lattice Door
2656 	Stable Fence
2657 	Stable Fence Gate Frame
2658 	Stable Fence Gate Frame (Pillars)
2659 	Stable Fence Gate
2660 	Large Stable Fence Gate Frame
2661 	Large Stable Fence Gate Frame (Pillars)
2662 	Large Stable Fence Gate
2663 	Wooden Support Strut
2664 	Stable Fence (Pillars)
2665 	Stable Pillars
2666 	Stable Wall
2667 	Stable Fence Foundation
2670 	Haystack
2672 	Cart
2673 	Cart with barrels
2674 	Cart Wheel
2675 	Food Trough
2676 	Water Trough
2677 	Log Pile
2678 	Weather Vane - Dragon
2679 	Weather Vane - Wolf
2680 	Weather Vane - Sword
2681 	Paved Stone Walkway (Variant A)
2682 	Wheelbarrow
2683 	Small Haystack
2684 	Paved Stone Walkway (Variant B)
2700 	Poitain Warhorse Saddle
2701 	Silent Legion Warhorse Saddle
2702 	Noble Scout Saddle
2703 	Khitai Scout Saddle
2704 	Yamatai Cavalry Saddle
2705 	Turan Cavalry Saddle
2706 	Aquilonian Scout Saddle
2707 	Savage Cavalry Saddle
2708 	Warhorse Saddle Light
2709 	Warhorse Saddle Medium
2710 	Warhorse Saddle Heavy
2711 	Black Horse (Pet)
2714 	White Horse (Pet)
2750 	Tainted Fodder
2770 	Poitain Light Lance
2771 	Exceptional Poitain Light Lance
2772 	Flawless Poitain Light Lance
2773 	Poitain Heavy Lance
2774 	Exceptional Poitain Heavy Lance
2775 	Flawless Poitain Heavy Lance
2776 	Poitain Light Lance (Epic)
2777 	Exceptional Poitain Light Lance (Epic)
2778 	Flawless Poitain Light Lance (Epic)
2779 	Poitain Heavy Lance (Epic)
2780 	Exceptional Poitain Heavy Lance (Epic)
2781 	Flawless Poitain Heavy Lance (Epic)
2782 	Lance
2783 	Exceptional Lance
2784 	Flawless Lance
2785 	Strong Lance
2786 	Exceptional Strong Lance
2787 	Flawless Strong Lance